Customer_Segment,Customers,Average_Sales,Average_Profit,Average_Quantity
0,1319,18724.149810462473,-14881.112921910537,3.0121304018195603
1,1252,6782.188003194889,-24468.30347763578,7.886581469648562
2,1240,6343.528161290323,-4890.751141935484,3.0016129032258063
3,1189,18731.463608074013,-72582.89885449958,8.200168208578637
