Product_Category,Average_Profit,Average_Sales,Total_Sold
2,-24150.28656626506,12131.513554216868,846
0,-27079.7162987013,12334.612337662338,833
1,-27481.9672,12085.6405,1009
