Product_Category,Average_Profit,Average_Sales,Total_Sold
0,-28040.408501872662,12666.346891385767,8732
2,-28704.83763043478,12718.106050724638,8929
1,-28801.46757520092,12613.930419058554,9658
