Product_Category,Average_Profit,Average_Sales,Total_Sold
1,-6834.517568965517,2966.6006896551726,1544
2,-7156.184378947369,2935.7242631578947,1720
0,-7800.492985294119,3133.907169117647,1249
