Customer_Segment,Customers,Average_Sales,Average_Profit,Average_Quantity
0,213,2413.97103286385,-7390.223530516431,6.882629107981221
1,174,7375.221206896552,-24362.418103448275,7.132183908045977
2,272,3134.897242647059,-4857.775154411765,4.2463235294117645
3,341,1027.0341348973607,-249.275853372434,1.9090909090909092
