Customer_Segment,Customers,Average_Sales,Average_Profit,Average_Quantity
0,312,2529.856057692308,-26584.411378205128,16.884615384615383
1,329,4564.389513677811,-118600.80936170214,39.93617021276596
2,5,173.126,-184845.1,42.0
3,354,7704.520790960451,-29900.00079096045,19.033898305084747
