Feature,Importance
Profit,0.8857601442693928
Unit_Price,0.11347235855127269
Quantity_Sold,0.00028381470547598207
Month,0.00014371805247849787
Discount,9.319462111434927e-05
Region,8.9280837060448e-05
Product_Category,6.840546955859785e-05
Customer_Type,5.5142540380301393e-05
Sales_Channel,3.394095326635956e-05
