Feature,Importance
Unit_Price,0.7014369924261171
Profit,0.2978075718076695
Quantity_Sold,0.0007048405771289669
Month,1.4629900086586776e-05
Discount,1.0871409755221313e-05
Region,8.288737736718014e-06
Product_Category,6.390597341480189e-06
Customer_Type,6.3176578627268e-06
Sales_Channel,4.096886301806253e-06
