Feature,Importance
Unit_Price,0.7003547137172688
Profit,0.29885663143762925
Quantity_Sold,0.0007379579379339846
Month,1.4717421876695787e-05
Discount,1.0899074996014875e-05
Region,8.370702689240817e-06
Product_Category,6.558653739525552e-06
Customer_Type,6.164283144047369e-06
Sales_Channel,3.986770722464921e-06
