Feature,Importance
Unit_Price,0.6996783190449285
Profit,0.29963649783536395
Quantity_Sold,0.0006343301410667228
Month,1.4734774367705665e-05
Discount,1.076697480024727e-05
Region,8.461094290765168e-06
Product_Category,6.447967002088379e-06
Customer_Type,6.14768537326607e-06
Sales_Channel,4.29448280670652e-06
