Feature,Importance
Unit_Price,0.6996216336880537
Profit,0.2995653265381922
Quantity_Sold,0.0007633109739882464
Month,1.429343524331808e-05
Discount,1.0528386772334822e-05
Region,8.28269742208166e-06
Product_Category,6.480144121085982e-06
Customer_Type,6.253704228603176e-06
Sales_Channel,3.890431978392566e-06
