Feature,Importance
Profit,0.8857298026828785
Unit_Price,0.1135147871349359
Quantity_Sold,0.00026829956584643633
Month,0.00014477523189257717
Discount,9.44908128575498e-05
Region,9.317787506799396e-05
Product_Category,6.481314340126342e-05
Customer_Type,5.287611838273438e-05
Sales_Channel,3.697743473717609e-05
