Feature,Importance
Profit,0.24466710321917617
Unit_Price,0.22303591983819057
Quantity_Sold,0.16170133645892754
Discount,0.13886612287899933
Month,0.09200804783392921
Region,0.04934225110528729
Product_Category,0.04842217527126494
Customer_Type,0.022461313865657265
Sales_Channel,0.019495729528567634
