Product_Category,Average_Profit,Average_Sales,Total_Sold
2,-55393.82327433628,5317.58203539823,5608
3,-58808.85273076923,4848.144961538462,6729
1,-59972.442560975614,5054.876585365853,6096
0,-60672.76779850746,4901.0237313432835,6922
