{
    "forecast": {
        "MAE": 2088.054779807642,
        "MSE": 7623555.197696562,
        "R2": 0.8489928793962397
    },
    "churn": {
        "Accuracy": 1.0,
        "Precision": 1.0,
        "Recall": 1.0,
        "F1": 1.0,
        "Confusion_Matrix": [
            [
                86,
                0
            ],
            [
                0,
                914
            ]
        ]
    },
    "recommendation": {
        "Precision_at_K": 0.85,
        "Recall_at_K": 0.75,
        "Coverage": 1.0,
        "Total_Categories": 3
    }
}